date,view
2022-06-22,176
2022-06-23,217
2022-06-24,201
2022-06-25,194
2022-06-26,202
2022-06-27,189
2022-06-28,179
2022-06-29,242
2022-06-30,217
2022-07-01,177
2022-07-02,189
2022-07-03,221
2022-07-04,213
2022-07-05,208
2022-07-06,224
2022-07-07,209
2022-07-08,196
2022-07-09,188
2022-07-10,236
2022-07-11,175
2022-07-12,90
2022-07-13,165
2022-07-14,184
2022-07-15,178
2022-07-16,203
2022-07-17,179
2022-07-18,183
2022-07-19,160
2022-07-20,199
2022-07-21,182
2022-07-22,205
2022-07-23,173
2022-07-24,176
2022-07-25,143
2022-07-26,175
2022-07-27,176
2022-07-28,214
2022-07-29,181
2022-07-30,203
2022-07-31,133
2022-08-01,165
2022-08-02,231
2022-08-03,206
2022-08-04,177
2022-08-05,175
2022-08-06,162
2022-08-07,194
2022-08-08,180
2022-08-09,216
2022-08-10,216
2022-08-11,212
2022-08-12,238
2022-08-13,216
2022-08-14,200
2022-08-15,213
2022-08-16,191
2022-08-17,185
2022-08-18,222
2022-08-19,217
2022-08-20,215
2022-08-21,273
2022-08-22,178
2022-08-23,198
2022-08-24,211
2022-08-25,183
2022-08-26,200
2022-08-27,234
2022-08-28,219
2022-08-29,217
2022-08-30,221
2022-08-31,174
2022-09-01,123
2022-09-02,210
2022-09-03,188
2022-09-04,257
2022-09-05,238
2022-09-06,181
2022-09-07,172
2022-09-08,240
2022-09-09,179
2022-09-10,175
2022-09-11,224
2022-09-12,214
2022-09-13,184
2022-09-14,221
2022-09-15,216
2022-09-16,276
2022-09-17,233
2022-09-18,206
2022-09-19,230
2022-09-20,198
2022-09-21,224
2022-09-22,230
2022-09-23,223
2022-09-24,243
2022-09-25,206
2022-09-26,233
2022-09-27,225
2022-09-28,210
2022-09-29,245
2022-09-30,222
2022-10-01,218
2022-10-02,225
2022-10-03,259
2022-10-04,212
2022-10-05,219
2022-10-06,244
2022-10-07,231
2022-10-08,271
2022-10-09,211
2022-10-10,218
2022-10-11,207
2022-10-12,231
2022-10-13,237
2022-10-14,275
2022-10-15,232
2022-10-16,308
2022-10-17,276
2022-10-18,211
2022-10-19,208
2022-10-20,231
2022-10-21,260
2022-10-22,263
2022-10-23,247
2022-10-24,276
2022-10-25,264
2022-10-26,282
2022-10-27,256
2022-10-28,222
2022-10-29,233
2022-10-30,201
2022-10-31,247
2022-11-01,239
2022-11-02,203
2022-11-03,209
2022-11-04,248
2022-11-05,235
2022-11-06,274
2022-11-07,259
2022-11-08,250
2022-11-09,225
2022-11-10,226
2022-11-11,262
2022-11-12,227
2022-11-13,177
2022-11-14,224
2022-11-15,211
2022-11-16,194
2022-11-17,224
2022-11-18,213
2022-11-19,228
2022-11-20,245
2022-11-21,174
2022-11-22,225
2022-11-23,246
2022-11-24,244
2022-11-25,249
2022-11-26,228
2022-11-27,231
2022-11-28,226
2022-11-29,281
2022-11-30,247
2022-12-01,225
2022-12-02,214
2022-12-03,248
2022-12-04,221
2022-12-05,257
2022-12-06,221
2022-12-07,232
2022-12-08,228
2022-12-09,265
2022-12-10,238
2022-12-11,234
2022-12-12,297
2022-12-13,190
2022-12-14,240
2022-12-15,216
2022-12-16,207
2022-12-17,236
2022-12-18,217
2022-12-19,249
2022-12-20,264
2022-12-21,238
2022-12-22,201
2022-12-23,198
2022-12-24,206
2022-12-25,184
2022-12-26,197
2022-12-27,193
2022-12-28,213
2022-12-29,228
2022-12-30,179
2022-12-31,153
2023-01-01,188
2023-01-02,185
2023-01-03,186
2023-01-04,258
2023-01-05,205
2023-01-06,209
2023-01-07,194
2023-01-08,176
2023-01-09,165
2023-01-10,218
2023-01-11,174
2023-01-12,197
2023-01-13,208
2023-01-14,127
2023-01-15,119
2023-01-16,104
2023-01-17,112
2023-01-18,114
2023-01-19,106
2023-01-20,120
2023-01-21,91
2023-01-22,90
2023-01-23,87
2023-01-24,106
2023-01-25,108
2023-01-26,82
2023-01-27,101
2023-01-28,117
2023-01-29,123
2023-01-30,163
2023-01-31,189
2023-02-01,162
2023-02-02,176
2023-02-03,199
2023-02-04,168
2023-02-05,182
2023-02-06,230
2023-02-07,191
2023-02-08,181
2023-02-09,194
2023-02-10,165
2023-02-11,205
2023-02-12,186
2023-02-13,158
2023-02-14,165
2023-02-15,171
2023-02-16,172
2023-02-17,210
2023-02-18,205
2023-02-19,191
2023-02-20,187
2023-02-21,208
2023-02-22,173
2023-02-23,175
2023-02-24,225
2023-02-25,194
2023-02-26,142
2023-02-27,266
2023-02-28,227
2023-03-01,213
2023-03-02,199
2023-03-03,198
2023-03-04,226
2023-03-05,170
2023-03-06,200
2023-03-07,166
2023-03-08,180
2023-03-09,218
2023-03-10,192
2023-03-11,173
2023-03-12,171
2023-03-13,141
2023-03-14,198
2023-03-15,163
2023-03-16,215
2023-03-17,186
2023-03-18,227
2023-03-19,232
2023-03-20,231
2023-03-21,202
2023-03-22,161
2023-03-23,265
2023-03-24,259
2023-03-25,171
2023-03-26,223
2023-03-27,214
2023-03-28,202
2023-03-29,179
2023-03-30,206
2023-03-31,203
2023-04-01,199
2023-04-02,183
2023-04-03,178
2023-04-04,212
2023-04-05,170
2023-04-06,201
2023-04-07,230
2023-04-08,194
2023-04-09,224
2023-04-10,204
2023-04-11,202
2023-04-12,195
2023-04-13,176
2023-04-14,241
2023-04-15,209
2023-04-16,189
2023-04-17,211
2023-04-18,165
2023-04-19,198
2023-04-20,191
2023-04-21,218
2023-04-22,209
2023-04-23,220
2023-04-24,216
2023-04-25,193
2023-04-26,224
2023-04-27,176
2023-04-28,166
2023-04-29,160
2023-04-30,163
2023-05-01,193
2023-05-02,209
2023-05-03,197
2023-05-04,244
2023-05-05,211
2023-05-06,217
2023-05-07,237
2023-05-08,229
2023-05-09,196
2023-05-10,209
2023-05-11,173
2023-05-12,169
2023-05-13,193
2023-05-14,179
2023-05-15,197
2023-05-16,217
2023-05-17,244
2023-05-18,198
2023-05-19,139
2023-05-20,20
2023-05-21,21
2023-05-22,227
2023-05-23,184
2023-05-24,148
2023-05-25,169
2023-05-26,152
2023-05-27,186
2023-05-28,157
2023-05-29,167
2023-05-30,205
2023-05-31,173
2023-06-01,189
2023-06-02,195
2023-06-03,178
2023-06-04,229
2023-06-05,220
2023-06-06,199
2023-06-07,199
2023-06-08,179
2023-06-09,163
2023-06-10,207
2023-06-11,179
2023-06-12,224
2023-06-13,199
2023-06-14,157
2023-06-15,189
2023-06-16,198
2023-06-17,201
2023-06-18,191
2023-06-19,181
2023-06-20,196
2023-06-21,189
2023-06-22,182
2023-06-23,163
2023-06-24,175
2023-06-25,249
2023-06-26,197
2023-06-27,152
2023-06-28,159
2023-06-29,163
2023-06-30,179
2023-07-01,182
2023-07-02,159
2023-07-03,194
2023-07-04,173
2023-07-05,166
2023-07-06,204
2023-07-07,164
2023-07-08,175
2023-07-09,177
2023-07-10,179
2023-07-11,177
2023-07-12,188
2023-07-13,140
2023-07-14,164
2023-07-15,134
2023-07-16,189
2023-07-17,175
2023-07-18,182
2023-07-19,169
2023-07-20,168
2023-07-21,132
2023-07-22,143
2023-07-23,172
2023-07-24,180
2023-07-25,197
2023-07-26,181
2023-07-27,166
2023-07-28,150
2023-07-29,146
2023-07-30,140
2023-07-31,177
2023-08-01,203
2023-08-02,185
2023-08-03,179
2023-08-04,204
2023-08-05,241
2023-08-06,206
2023-08-07,171
2023-08-08,183
2023-08-09,175
2023-08-10,162
2023-08-11,180
2023-08-12,177
2023-08-13,181
2023-08-14,202
2023-08-15,201
2023-08-16,190
2023-08-17,159
2023-08-18,158
2023-08-19,185
2023-08-20,159
2023-08-21,161
2023-08-22,184
2023-08-23,130
2023-08-24,189
2023-08-25,165
2023-08-26,159
2023-08-27,141
2023-08-28,133
2023-08-29,114
2023-08-30,138
2023-08-31,128
2023-09-01,124
2023-09-02,186
2023-09-03,160
2023-09-04,163
2023-09-05,162
2023-09-06,202
2023-09-07,141
2023-09-08,154
2023-09-09,177
2023-09-10,178
2023-09-11,185
2023-09-12,166
2023-09-13,164
2023-09-14,216
2023-09-15,178
2023-09-16,187
2023-09-17,194
2023-09-18,209
2023-09-19,218
2023-09-20,205
2023-09-21,217
2023-09-22,171
2023-09-23,188
2023-09-24,192
2023-09-25,195
2023-09-26,185
2023-09-27,201
2023-09-28,206
2023-09-29,205
2023-09-30,219
2023-10-01,181
2023-10-02,181
2023-10-03,245
2023-10-04,232
2023-10-05,237
2023-10-06,223
